{"loss": [1.4057693481445312, 0.46451520919799805, 0.2763051390647888, 0.190309077501297, 0.1387535035610199, 0.1076560914516449, 0.0878082811832428, 0.0760822743177414, 0.06265080720186234, 0.057711731642484665], "accuracy": [0.5865424275398254, 0.85179603099823, 0.9110178351402283, 0.9386727213859558, 0.953894317150116, 0.9640230536460876, 0.9708371758460999, 0.9756881594657898, 0.9798847436904907, 0.9816487431526184], "val_loss": [0.5624562501907349, 0.3841514587402344, 0.2456831932067871, 0.19251522421836853, 0.13819341361522675, 0.13638810813426971, 0.11533749848604202, 0.16217997670173645, 0.14347907900810242, 0.12716670334339142], "val_accuracy": [0.8272820115089417, 0.8754837512969971, 0.9181652665138245, 0.9387662410736084, 0.9555543065071106, 0.9589118957519531, 0.963464617729187, 0.9523105025291443, 0.9623264074325562, 0.9640336632728577]}